Instance,Makespan,Time
Ta80_F.txt,36214.0,14.50973892211914
ABZ5_G.txt,2464.0,0.178985595703125
