Instance,Makespan,Time
Ta80_F.txt,6633.0,15.684921979904175
ABZ5_G.txt,1727.25,0.22094368934631348
