Instance,Makespan,Time
0,7302.75,38.837254762649536
1,6610.25,37.9627423286438
2,7204.5,38.017815589904785
3,7239.25,37.95829153060913
4,7030.75,37.980929136276245
5,7237.0,37.84733462333679
6,7061.25,38.02836537361145
7,7437.5,37.94192337989807
8,7240.75,37.98489427566528
9,7223.0,37.948413610458374
10,7167.25,38.02899932861328
11,7089.5,37.893230676651
12,6985.25,38.25764322280884
13,6814.5,37.817524671554565
14,6892.25,38.032400608062744
15,6808.5,37.95171070098877
